{"cameraMode":{"drawMode":0,"name":"Shaded","section":"Shading Mode"},"sceneLighting":false,"audioPlay":false,"sceneViewState":{"m_AlwaysRefresh":false,"showFog":true,"showSkybox":false,"showFlares":true,"showImageEffects":true,"showParticleSystems":true,"showVisualEffectGraphs":true,"m_FxEnabled":true},"in2DMode":false,"pivot":{"x":-2.4100003242492677,"y":0.13249993324279786,"z":5.829999923706055},"rotation":{"x":-0.005419324152171612,"y":-0.6575359106063843,"z":-0.004724037367850542,"w":0.7534016966819763},"size":7.992703437805176,"orthographic":false}